[{"model": "admin.logentry", "pk": 1, "fields": {"action_time": "2023-06-26T15:17:02.600Z", "user": 1, "content_type": 14, "object_id": "1", "object_repr": "petrovich", "action_flag": 2, "change_message": "[{\"changed\": {\"fields\": [\"First name\", \"Last name\", \"Username\"]}}]"}}, {"model": "admin.logentry", "pk": 2, "fields": {"action_time": "2023-06-26T15:17:35.725Z", "user": 1, "content_type": 14, "object_id": "2", "object_repr": "", "action_flag": 1, "change_message": "[{\"added\": {}}]"}}, {"model": "admin.logentry", "pk": 3, "fields": {"action_time": "2023-06-26T15:18:23.864Z", "user": 1, "content_type": 14, "object_id": "2", "object_repr": "pirat-seahero", "action_flag": 2, "change_message": "[{\"changed\": {\"fields\": [\"First name\", \"Last name\", \"Username\"]}}]"}}, {"model": "admin.logentry", "pk": 4, "fields": {"action_time": "2023-06-26T15:18:49.493Z", "user": 1, "content_type": 14, "object_id": "3", "object_repr": "", "action_flag": 1, "change_message": "[{\"added\": {}}]"}}, {"model": "admin.logentry", "pk": 5, "fields": {"action_time": "2023-06-26T15:19:21.728Z", "user": 1, "content_type": 14, "object_id": "3", "object_repr": "jackie-ninja", "action_flag": 2, "change_message": "[{\"changed\": {\"fields\": [\"First name\", \"Last name\", \"Username\"]}}]"}}, {"model": "admin.logentry", "pk": 6, "fields": {"action_time": "2023-06-26T15:19:54.501Z", "user": 1, "content_type": 14, "object_id": "4", "object_repr": "", "action_flag": 1, "change_message": "[{\"added\": {}}]"}}, {"model": "admin.logentry", "pk": 7, "fields": {"action_time": "2023-06-26T15:20:25.917Z", "user": 1, "content_type": 14, "object_id": "4", "object_repr": "angie-sweet-girl", "action_flag": 2, "change_message": "[{\"changed\": {\"fields\": [\"First name\", \"Last name\", \"Username\"]}}]"}}, {"model": "admin.logentry", "pk": 8, "fields": {"action_time": "2023-06-26T15:24:11.847Z", "user": 1, "content_type": 14, "object_id": "1", "object_repr": "petrovich", "action_flag": 2, "change_message": "[{\"changed\": {\"fields\": [\"Biography\"]}}]"}}, {"model": "admin.logentry", "pk": 9, "fields": {"action_time": "2023-06-26T15:25:45.817Z", "user": 1, "content_type": 14, "object_id": "3", "object_repr": "jackie-ninja", "action_flag": 2, "change_message": "[{\"changed\": {\"fields\": [\"Biography\"]}}]"}}, {"model": "admin.logentry", "pk": 10, "fields": {"action_time": "2023-06-26T15:26:57.207Z", "user": 1, "content_type": 14, "object_id": "4", "object_repr": "angie-sweet-girl", "action_flag": 2, "change_message": "[{\"changed\": {\"fields\": [\"Biography\"]}}]"}}, {"model": "admin.logentry", "pk": 11, "fields": {"action_time": "2023-06-26T15:29:06.744Z", "user": 1, "content_type": 14, "object_id": "2", "object_repr": "pirat-seahero", "action_flag": 2, "change_message": "[{\"changed\": {\"fields\": [\"Biography\"]}}]"}}, {"model": "admin.logentry", "pk": 12, "fields": {"action_time": "2023-06-26T15:31:30.214Z", "user": 1, "content_type": 16, "object_id": "1", "object_repr": "A small notebook for a system administrator created at 2023-06-26 15:31:30.213473+00:00", "action_flag": 1, "change_message": "[{\"added\": {}}]"}}, {"model": "admin.logentry", "pk": 13, "fields": {"action_time": "2023-06-26T15:32:24.247Z", "user": 1, "content_type": 16, "object_id": "2", "object_repr": "IT administrators: what they do and what they make created at 2023-06-26 15:32:24.246912+00:00", "action_flag": 1, "change_message": "[{\"added\": {}}]"}}, {"model": "admin.logentry", "pk": 14, "fields": {"action_time": "2023-06-26T15:36:19.696Z", "user": 1, "content_type": 16, "object_id": "3", "object_repr": "“THE LIBRARY OF BABEL” BY JORGE LUIS BORGES created at 2023-06-26 15:36:19.695778+00:00", "action_flag": 1, "change_message": "[{\"added\": {}}]"}}, {"model": "admin.logentry", "pk": 15, "fields": {"action_time": "2023-06-26T15:36:47.802Z", "user": 1, "content_type": 16, "object_id": "4", "object_repr": "“A GOOD MAN IS HARD TO FIND” BY FLANNERY O’CONNOR created at 2023-06-26 15:36:47.801117+00:00", "action_flag": 1, "change_message": "[{\"added\": {}}]"}}, {"model": "admin.logentry", "pk": 16, "fields": {"action_time": "2023-06-26T15:37:18.788Z", "user": 1, "content_type": 16, "object_id": "5", "object_repr": "“IN THE PENAL COLONY” BY FRANZ KAFKA created at 2023-06-26 15:37:18.787199+00:00", "action_flag": 1, "change_message": "[{\"added\": {}}]"}}, {"model": "admin.logentry", "pk": 17, "fields": {"action_time": "2023-06-26T15:37:46.409Z", "user": 1, "content_type": 16, "object_id": "6", "object_repr": "“THE DEVIL IN AMERICA” BY KAI ASHANTE WILSON (TOR) created at 2023-06-26 15:37:46.408050+00:00", "action_flag": 1, "change_message": "[{\"added\": {}}]"}}, {"model": "admin.logentry", "pk": 18, "fields": {"action_time": "2023-06-26T15:38:18.906Z", "user": 1, "content_type": 16, "object_id": "7", "object_repr": "“EXHALATION” BY TED CHIANG (LIGHTSPEED MAGAZINE) created at 2023-06-26 15:38:18.904944+00:00", "action_flag": 1, "change_message": "[{\"added\": {}}]"}}, {"model": "admin.logentry", "pk": 19, "fields": {"action_time": "2023-06-26T15:39:19.199Z", "user": 1, "content_type": 16, "object_id": "8", "object_repr": "“THE DAUGHTERS OF THE MOON” BY ITALO CALVINO (THE NEW YORKER) created at 2023-06-26 15:39:19.198005+00:00", "action_flag": 1, "change_message": "[{\"added\": {}}]"}}, {"model": "admin.logentry", "pk": 20, "fields": {"action_time": "2023-06-26T19:01:35.165Z", "user": 1, "content_type": 16, "object_id": "8", "object_repr": "“THE DAUGHTERS OF THE MOON” BY ITALO CALVINO (THE NEW YORKER) created at 2023-06-26 15:39:19.198000+00:00", "action_flag": 2, "change_message": "[{\"changed\": {\"fields\": [\"Content\"]}}]"}}, {"model": "admin.logentry", "pk": 21, "fields": {"action_time": "2023-06-26T19:02:14.592Z", "user": 1, "content_type": 16, "object_id": "7", "object_repr": "“EXHALATION” BY TED CHIANG (LIGHTSPEED MAGAZINE) created at 2023-06-26 15:38:18.904000+00:00", "action_flag": 2, "change_message": "[{\"changed\": {\"fields\": [\"Content\"]}}]"}}, {"model": "admin.logentry", "pk": 22, "fields": {"action_time": "2023-06-26T19:02:50.907Z", "user": 1, "content_type": 16, "object_id": "6", "object_repr": "“THE DEVIL IN AMERICA” BY KAI ASHANTE WILSON (TOR) created at 2023-06-26 15:37:46.408000+00:00", "action_flag": 2, "change_message": "[{\"changed\": {\"fields\": [\"Content\"]}}]"}}, {"model": "admin.logentry", "pk": 23, "fields": {"action_time": "2023-06-26T19:03:11.121Z", "user": 1, "content_type": 16, "object_id": "5", "object_repr": "“IN THE PENAL COLONY” BY FRANZ KAFKA created at 2023-06-26 15:37:18.787000+00:00", "action_flag": 2, "change_message": "[{\"changed\": {\"fields\": [\"Content\"]}}]"}}, {"model": "admin.logentry", "pk": 24, "fields": {"action_time": "2023-06-26T19:03:27.729Z", "user": 1, "content_type": 16, "object_id": "4", "object_repr": "“A GOOD MAN IS HARD TO FIND” BY FLANNERY O’CONNOR created at 2023-06-26 15:36:47.801000+00:00", "action_flag": 2, "change_message": "[{\"changed\": {\"fields\": [\"Content\"]}}]"}}, {"model": "admin.logentry", "pk": 25, "fields": {"action_time": "2023-06-26T19:03:52.027Z", "user": 1, "content_type": 16, "object_id": "3", "object_repr": "“THE LIBRARY OF BABEL” BY JORGE LUIS BORGES created at 2023-06-26 15:36:19.695000+00:00", "action_flag": 2, "change_message": "[{\"changed\": {\"fields\": [\"Content\"]}}]"}}, {"model": "admin.logentry", "pk": 26, "fields": {"action_time": "2023-06-26T19:04:28.349Z", "user": 1, "content_type": 16, "object_id": "2", "object_repr": "IT administrators: what they do and what they make created at 2023-06-26 15:32:24.246000+00:00", "action_flag": 2, "change_message": "[{\"changed\": {\"fields\": [\"Content\"]}}]"}}, {"model": "admin.logentry", "pk": 27, "fields": {"action_time": "2023-06-26T19:04:46.796Z", "user": 1, "content_type": 16, "object_id": "1", "object_repr": "A small notebook for a system administrator created at 2023-06-26 15:31:30.213000+00:00", "action_flag": 2, "change_message": "[{\"changed\": {\"fields\": [\"Content\"]}}]"}}, {"model": "admin.logentry", "pk": 28, "fields": {"action_time": "2023-06-26T19:10:34.415Z", "user": 1, "content_type": 14, "object_id": "1", "object_repr": "petrovich", "action_flag": 2, "change_message": "[{\"changed\": {\"fields\": [\"Profile picture\"]}}]"}}, {"model": "admin.logentry", "pk": 29, "fields": {"action_time": "2023-06-26T19:10:51.127Z", "user": 1, "content_type": 14, "object_id": "3", "object_repr": "jackie-ninja", "action_flag": 2, "change_message": "[{\"changed\": {\"fields\": [\"Profile picture\"]}}]"}}, {"model": "admin.logentry", "pk": 30, "fields": {"action_time": "2023-06-26T19:11:30.603Z", "user": 1, "content_type": 14, "object_id": "4", "object_repr": "angie-sweet-girl", "action_flag": 2, "change_message": "[{\"changed\": {\"fields\": [\"Profile picture\"]}}]"}}, {"model": "admin.logentry", "pk": 31, "fields": {"action_time": "2023-06-26T19:12:12.754Z", "user": 1, "content_type": 14, "object_id": "2", "object_repr": "pirat-seahero", "action_flag": 2, "change_message": "[{\"changed\": {\"fields\": [\"Profile picture\"]}}]"}}, {"model": "admin.logentry", "pk": 32, "fields": {"action_time": "2023-06-26T19:19:08.006Z", "user": 1, "content_type": 17, "object_id": "1", "object_repr": "Comment by petrovich on “THE DAUGHTERS OF THE MOON” BY ITALO CALVINO (THE NEW YORKER) at 2023-06-26 16:28:54.283316+00:00", "action_flag": 3, "change_message": ""}}, {"model": "auth.permission", "pk": 1, "fields": {"name": "Can add log entry", "content_type": 1, "codename": "add_logentry"}}, {"model": "auth.permission", "pk": 2, "fields": {"name": "Can change log entry", "content_type": 1, "codename": "change_logentry"}}, {"model": "auth.permission", "pk": 3, "fields": {"name": "Can delete log entry", "content_type": 1, "codename": "delete_logentry"}}, {"model": "auth.permission", "pk": 4, "fields": {"name": "Can view log entry", "content_type": 1, "codename": "view_logentry"}}, {"model": "auth.permission", "pk": 5, "fields": {"name": "Can add permission", "content_type": 2, "codename": "add_permission"}}, {"model": "auth.permission", "pk": 6, "fields": {"name": "Can change permission", "content_type": 2, "codename": "change_permission"}}, {"model": "auth.permission", "pk": 7, "fields": {"name": "Can delete permission", "content_type": 2, "codename": "delete_permission"}}, {"model": "auth.permission", "pk": 8, "fields": {"name": "Can view permission", "content_type": 2, "codename": "view_permission"}}, {"model": "auth.permission", "pk": 9, "fields": {"name": "Can add group", "content_type": 3, "codename": "add_group"}}, {"model": "auth.permission", "pk": 10, "fields": {"name": "Can change group", "content_type": 3, "codename": "change_group"}}, {"model": "auth.permission", "pk": 11, "fields": {"name": "Can delete group", "content_type": 3, "codename": "delete_group"}}, {"model": "auth.permission", "pk": 12, "fields": {"name": "Can view group", "content_type": 3, "codename": "view_group"}}, {"model": "auth.permission", "pk": 13, "fields": {"name": "Can add content type", "content_type": 4, "codename": "add_contenttype"}}, {"model": "auth.permission", "pk": 14, "fields": {"name": "Can change content type", "content_type": 4, "codename": "change_contenttype"}}, {"model": "auth.permission", "pk": 15, "fields": {"name": "Can delete content type", "content_type": 4, "codename": "delete_contenttype"}}, {"model": "auth.permission", "pk": 16, "fields": {"name": "Can view content type", "content_type": 4, "codename": "view_contenttype"}}, {"model": "auth.permission", "pk": 17, "fields": {"name": "Can add session", "content_type": 5, "codename": "add_session"}}, {"model": "auth.permission", "pk": 18, "fields": {"name": "Can change session", "content_type": 5, "codename": "change_session"}}, {"model": "auth.permission", "pk": 19, "fields": {"name": "Can delete session", "content_type": 5, "codename": "delete_session"}}, {"model": "auth.permission", "pk": 20, "fields": {"name": "Can view session", "content_type": 5, "codename": "view_session"}}, {"model": "auth.permission", "pk": 21, "fields": {"name": "Can add Token", "content_type": 6, "codename": "add_token"}}, {"model": "auth.permission", "pk": 22, "fields": {"name": "Can change Token", "content_type": 6, "codename": "change_token"}}, {"model": "auth.permission", "pk": 23, "fields": {"name": "Can delete Token", "content_type": 6, "codename": "delete_token"}}, {"model": "auth.permission", "pk": 24, "fields": {"name": "Can view Token", "content_type": 6, "codename": "view_token"}}, {"model": "auth.permission", "pk": 25, "fields": {"name": "Can add token", "content_type": 7, "codename": "add_tokenproxy"}}, {"model": "auth.permission", "pk": 26, "fields": {"name": "Can change token", "content_type": 7, "codename": "change_tokenproxy"}}, {"model": "auth.permission", "pk": 27, "fields": {"name": "Can delete token", "content_type": 7, "codename": "delete_tokenproxy"}}, {"model": "auth.permission", "pk": 28, "fields": {"name": "Can view token", "content_type": 7, "codename": "view_tokenproxy"}}, {"model": "auth.permission", "pk": 29, "fields": {"name": "Can add crontab", "content_type": 8, "codename": "add_crontabschedule"}}, {"model": "auth.permission", "pk": 30, "fields": {"name": "Can change crontab", "content_type": 8, "codename": "change_crontabschedule"}}, {"model": "auth.permission", "pk": 31, "fields": {"name": "Can delete crontab", "content_type": 8, "codename": "delete_crontabschedule"}}, {"model": "auth.permission", "pk": 32, "fields": {"name": "Can view crontab", "content_type": 8, "codename": "view_crontabschedule"}}, {"model": "auth.permission", "pk": 33, "fields": {"name": "Can add interval", "content_type": 9, "codename": "add_intervalschedule"}}, {"model": "auth.permission", "pk": 34, "fields": {"name": "Can change interval", "content_type": 9, "codename": "change_intervalschedule"}}, {"model": "auth.permission", "pk": 35, "fields": {"name": "Can delete interval", "content_type": 9, "codename": "delete_intervalschedule"}}, {"model": "auth.permission", "pk": 36, "fields": {"name": "Can view interval", "content_type": 9, "codename": "view_intervalschedule"}}, {"model": "auth.permission", "pk": 37, "fields": {"name": "Can add periodic task", "content_type": 10, "codename": "add_periodictask"}}, {"model": "auth.permission", "pk": 38, "fields": {"name": "Can change periodic task", "content_type": 10, "codename": "change_periodictask"}}, {"model": "auth.permission", "pk": 39, "fields": {"name": "Can delete periodic task", "content_type": 10, "codename": "delete_periodictask"}}, {"model": "auth.permission", "pk": 40, "fields": {"name": "Can view periodic task", "content_type": 10, "codename": "view_periodictask"}}, {"model": "auth.permission", "pk": 41, "fields": {"name": "Can add periodic tasks", "content_type": 11, "codename": "add_periodictasks"}}, {"model": "auth.permission", "pk": 42, "fields": {"name": "Can change periodic tasks", "content_type": 11, "codename": "change_periodictasks"}}, {"model": "auth.permission", "pk": 43, "fields": {"name": "Can delete periodic tasks", "content_type": 11, "codename": "delete_periodictasks"}}, {"model": "auth.permission", "pk": 44, "fields": {"name": "Can view periodic tasks", "content_type": 11, "codename": "view_periodictasks"}}, {"model": "auth.permission", "pk": 45, "fields": {"name": "Can add solar event", "content_type": 12, "codename": "add_solarschedule"}}, {"model": "auth.permission", "pk": 46, "fields": {"name": "Can change solar event", "content_type": 12, "codename": "change_solarschedule"}}, {"model": "auth.permission", "pk": 47, "fields": {"name": "Can delete solar event", "content_type": 12, "codename": "delete_solarschedule"}}, {"model": "auth.permission", "pk": 48, "fields": {"name": "Can view solar event", "content_type": 12, "codename": "view_solarschedule"}}, {"model": "auth.permission", "pk": 49, "fields": {"name": "Can add clocked", "content_type": 13, "codename": "add_clockedschedule"}}, {"model": "auth.permission", "pk": 50, "fields": {"name": "Can change clocked", "content_type": 13, "codename": "change_clockedschedule"}}, {"model": "auth.permission", "pk": 51, "fields": {"name": "Can delete clocked", "content_type": 13, "codename": "delete_clockedschedule"}}, {"model": "auth.permission", "pk": 52, "fields": {"name": "Can view clocked", "content_type": 13, "codename": "view_clockedschedule"}}, {"model": "auth.permission", "pk": 53, "fields": {"name": "Can add user", "content_type": 14, "codename": "add_user"}}, {"model": "auth.permission", "pk": 54, "fields": {"name": "Can change user", "content_type": 14, "codename": "change_user"}}, {"model": "auth.permission", "pk": 55, "fields": {"name": "Can delete user", "content_type": 14, "codename": "delete_user"}}, {"model": "auth.permission", "pk": 56, "fields": {"name": "Can view user", "content_type": 14, "codename": "view_user"}}, {"model": "auth.permission", "pk": 57, "fields": {"name": "Can add like", "content_type": 15, "codename": "add_like"}}, {"model": "auth.permission", "pk": 58, "fields": {"name": "Can change like", "content_type": 15, "codename": "change_like"}}, {"model": "auth.permission", "pk": 59, "fields": {"name": "Can delete like", "content_type": 15, "codename": "delete_like"}}, {"model": "auth.permission", "pk": 60, "fields": {"name": "Can view like", "content_type": 15, "codename": "view_like"}}, {"model": "auth.permission", "pk": 61, "fields": {"name": "Can add post", "content_type": 16, "codename": "add_post"}}, {"model": "auth.permission", "pk": 62, "fields": {"name": "Can change post", "content_type": 16, "codename": "change_post"}}, {"model": "auth.permission", "pk": 63, "fields": {"name": "Can delete post", "content_type": 16, "codename": "delete_post"}}, {"model": "auth.permission", "pk": 64, "fields": {"name": "Can view post", "content_type": 16, "codename": "view_post"}}, {"model": "auth.permission", "pk": 65, "fields": {"name": "Can add comment", "content_type": 17, "codename": "add_comment"}}, {"model": "auth.permission", "pk": 66, "fields": {"name": "Can change comment", "content_type": 17, "codename": "change_comment"}}, {"model": "auth.permission", "pk": 67, "fields": {"name": "Can delete comment", "content_type": 17, "codename": "delete_comment"}}, {"model": "auth.permission", "pk": 68, "fields": {"name": "Can view comment", "content_type": 17, "codename": "view_comment"}}, {"model": "contenttypes.contenttype", "pk": 1, "fields": {"app_label": "admin", "model": "logentry"}}, {"model": "contenttypes.contenttype", "pk": 2, "fields": {"app_label": "auth", "model": "permission"}}, {"model": "contenttypes.contenttype", "pk": 3, "fields": {"app_label": "auth", "model": "group"}}, {"model": "contenttypes.contenttype", "pk": 4, "fields": {"app_label": "contenttypes", "model": "contenttype"}}, {"model": "contenttypes.contenttype", "pk": 5, "fields": {"app_label": "sessions", "model": "session"}}, {"model": "contenttypes.contenttype", "pk": 6, "fields": {"app_label": "authtoken", "model": "token"}}, {"model": "contenttypes.contenttype", "pk": 7, "fields": {"app_label": "authtoken", "model": "tokenproxy"}}, {"model": "contenttypes.contenttype", "pk": 8, "fields": {"app_label": "django_celery_beat", "model": "crontabschedule"}}, {"model": "contenttypes.contenttype", "pk": 9, "fields": {"app_label": "django_celery_beat", "model": "intervalschedule"}}, {"model": "contenttypes.contenttype", "pk": 10, "fields": {"app_label": "django_celery_beat", "model": "periodictask"}}, {"model": "contenttypes.contenttype", "pk": 11, "fields": {"app_label": "django_celery_beat", "model": "periodictasks"}}, {"model": "contenttypes.contenttype", "pk": 12, "fields": {"app_label": "django_celery_beat", "model": "solarschedule"}}, {"model": "contenttypes.contenttype", "pk": 13, "fields": {"app_label": "django_celery_beat", "model": "clockedschedule"}}, {"model": "contenttypes.contenttype", "pk": 14, "fields": {"app_label": "user", "model": "user"}}, {"model": "contenttypes.contenttype", "pk": 15, "fields": {"app_label": "social_network", "model": "like"}}, {"model": "contenttypes.contenttype", "pk": 16, "fields": {"app_label": "social_network", "model": "post"}}, {"model": "contenttypes.contenttype", "pk": 17, "fields": {"app_label": "social_network", "model": "comment"}}, {"model": "sessions.session", "pk": "f22oixv9se308xvkeaz74mhhqoctmdm9", "fields": {"session_data": ".eJxVjTkOwjAURO_iGlnxghdKes5g_cXBAWRLcVIh7k4ipYB23puZt0iwLiWtPc9pYnERSpx-MwR65roDfkC9N0mtLvOEclfkQbu8Nc6v6-H-DRToZWsTxajVoAMwoTOe2EYeQ_CICCYMgaxVkMk5AwgZTFR8ZmPIaxi3G_H5Av6hORI:1qDnwD:tMcwihg242KXj3nPAwzE6Jl7WF306xCksHGXVC2KwEk", "expire_date": "2023-07-10T15:15:33.626Z"}}, {"model": "authtoken.token", "pk": "684e3b846d54512e10a86c3a4e02403d020f379a", "fields": {"user": 1, "created": "2023-06-26T15:40:00.412Z"}}, {"model": "authtoken.token", "pk": "a4ca8b608843e290a795f1e1b7242bcc1c462f5f", "fields": {"user": 4, "created": "2023-06-27T06:50:59.365Z"}}, {"model": "authtoken.token", "pk": "eb6411c4c2151fd33b40b815fed96db1a2a5c237", "fields": {"user": 3, "created": "2023-06-26T19:27:37.241Z"}}, {"model": "authtoken.token", "pk": "ecbaf368cdb07483edb3e97aa7ecb25a0fbe342d", "fields": {"user": 2, "created": "2023-06-27T06:34:49.612Z"}}, {"model": "user.user", "pk": 1, "fields": {"password": "pbkdf2_sha256$600000$g42cLulvpUDC5IPKhaiXGa$l0xthE9KhoTyzHE+XqCV49Nb8GGD+ek3If4ALJ78U4c=", "last_login": "2023-06-26T15:15:33Z", "is_superuser": true, "first_name": "Vasil", "last_name": "Petrovych", "is_staff": true, "is_active": true, "date_joined": "2023-06-26T15:14:58Z", "email": "admin@admin.com", "username": "petrovich", "bio": "As a system administrator working in the IT department of a company, my primary responsibility is to ensure the smooth operation of the company's computer systems and software. I am entrusted with supporting, troubleshooting, and resolving any issues that may arise with the computers and networks within the organization. It is my duty to manage system permissions, conduct security testing, upgrade software and hardware, and provide support to employees facing technical difficulties.\r\n\r\nTo excel in my role as a system administrator, I have obtained a degree in IT or computer science. While an associate's degree may suffice, I have pursued a bachelor's degree to enhance my competitiveness in the job market. My extensive knowledge of computer systems and networks is crucial in fulfilling my responsibilities. Moreover, I bring valuable experience as an IT support engineer or technology architect, which is highly sought after by hiring managers.", "picture": "profile_pictures/vasil_petrovich.png", "groups": [], "user_permissions": [], "following": [2, 4]}}, {"model": "user.user", "pk": 2, "fields": {"password": "pbkdf2_sha256$600000$zGkk4nVjPNaADEtRabcAOb$M6/3lx0KPsMyR3PsqdTsi4laq+8xwFNLirgwiNis09M=", "last_login": null, "is_superuser": false, "first_name": "Jack", "last_name": "Sparrow", "is_staff": false, "is_active": true, "date_joined": "2023-06-26T15:17:35Z", "email": "user@user.com", "username": "pirat-seahero", "bio": "Ahoy, mateys! I'm Captain Jack Sparrow, the legendary pirate you've heard tales about. Allow me to share a bit about my adventurous life on the high seas.\r\n\r\nI was born with the wind in my sails and a thirst for freedom in my heart. Sailing has always been in my blood, and from a young age, I embraced the life of a swashbuckling pirate. With my charismatic charm and cunning wit, I quickly became known as the most eccentric and unpredictable pirate to roam the Caribbean.\r\n\r\nMy legendary escapades have taken me across treacherous waters and brought me face-to-face with mythical creatures, rival pirates, and even cursed treasures. I've sailed aboard the infamous Black Pearl, a ship that carries its own mystique and has become an extension of my own enigmatic personality.\r\n\r\nAs a pirate, I've always believed in the code of the sea. Though I may be driven by my desire for riches and adventure, I also have a sense of honor and loyalty to those I consider friends. I've formed unlikely alliances, crossed paths with formidable foes, and have been both captain and a member of various pirate crews throughout my journeys.\r\n\r\nMy reputation as a cunning strategist and a master of escaping dire situations precedes me. Yet, it is my unorthodox methods, quick thinking, and unpredictable nature that have allowed me to outwit even the most cunning of adversaries. Alongside my trusted compass, which doesn't point north but instead to what my heart desires most, I navigate through perilous situations with a blend of luck and sheer audacity.\r\n\r\nWhile some may view me as a rogue, I like to think of myself as a free spirit who thrives on adventure and lives life on my own terms. My quirks and idiosyncrasies only add to my charm and make me an unforgettable character in the annals of pirate history.\r\n\r\nSo, as the wind fills my sails and the open sea beckons, I'll continue my swashbuckling exploits, seeking new horizons, hidden treasures, and thrilling escapades. For I am Captain Jack Sparrow, the pirate who defies convention and embodies the spirit of the open ocean.\r\n\r\nYo ho, yo ho, a pirate's life for me!", "picture": "profile_pictures/jack_sparrow.jpg", "groups": [], "user_permissions": [], "following": []}}, {"model": "user.user", "pk": 3, "fields": {"password": "pbkdf2_sha256$600000$J3AXWi9kYeMLgmkmqYQzmQ$eplbla5ZdXcsj3NO1R9hjgYC1kr61jHQLpe9djmrKV0=", "last_login": null, "is_superuser": false, "first_name": "Jackie", "last_name": "Chan", "is_staff": false, "is_active": true, "date_joined": "2023-06-26T15:18:49Z", "email": "user1@user.com", "username": "jackie-ninja", "bio": "I was born on April 7, 1954, in Hong Kong, and my name is Jackie Chan. Throughout my life, I have become known as an actor, martial artist, film director, producer, and stunt performer. My journey began with a deep passion for martial arts, which I started training in at a young age. The dedication and hard work paid off as I joined the China Drama Academy, where I immersed myself in various disciplines such as martial arts, acrobatics, singing, and acting.\r\n\r\nIn the early stages of my career, I embraced opportunities as a stuntman and gradually made my mark in the Hong Kong film industry. It was during this time that my unique style, blending martial arts and comedy, started gaining attention. One of my breakthrough moments came in 1978 with the film \"Drunken Master,\" which showcased my abilities and helped establish my reputation as an action-comedy star.\r\n\r\nSince then, I have had the privilege of working on a wide range of films, both in Hong Kong and internationally. From the \"Police Story\" series to \"Rumble in the Bronx,\" \"Rush Hour,\" and \"Shanghai Noon,\" I have had the chance to explore different genres and showcase my versatility as an actor.\r\n\r\nMy dedication to performing my own stunts has been an integral part of my career. I believe in pushing boundaries and striving for authenticity, which has led me to perform many daring and adrenaline-pumping stunts. Safety has always been a top priority, and I have taken it upon myself to ensure responsible filmmaking practices, championing the welfare of stunt performers.\r\n\r\nBeyond my film career, I am deeply committed to making a positive impact on the world. As a UNICEF Goodwill Ambassador, I actively support charitable causes, particularly those related to education and disaster relief. Giving back to society has become an integral part of who I am.\r\n\r\nLooking back on my journey, I am grateful for the opportunities I have had and the support of my fans worldwide. My hope is to continue entertaining and inspiring audiences with my work while contributing to the betterment of society.\r\n\r\nThat's a brief glimpse into my life and career as Jackie Chan, a martial artist, actor, and advocate for responsible filmmaking.", "picture": "profile_pictures/jackie_chan.jpeg", "groups": [], "user_permissions": [], "following": [1, 2]}}, {"model": "user.user", "pk": 4, "fields": {"password": "pbkdf2_sha256$600000$IdG1ZocXY8pWyIAo8WpiKa$6MKu+AjH8DxaCJjGQBit85wNBy+78hB8S6HGWRRKcV4=", "last_login": null, "is_superuser": false, "first_name": "Angelina", "last_name": "Jolie", "is_staff": false, "is_active": true, "date_joined": "2023-06-26T15:19:54Z", "email": "user2@user.com", "username": "angie-sweet-girl", "bio": "Hello, I'm Angelina Jolie. I was born on June 4, 1975, in Los Angeles, California. Throughout my life, I have become known as an actress, filmmaker, and humanitarian. From a young age, I was surrounded by the world of entertainment, as my parents were also actors.\r\n\r\nMy acting career took off in the late 1990s when I starred in films such as \"Gia\" and \"Girl, Interrupted.\" It was the latter role that earned me an Academy Award for Best Supporting Actress and solidified my place in the industry. Over the years, I have been fortunate to work on diverse projects, exploring different genres and characters.\r\n\r\nBeyond my acting career, I have also stepped into the world of filmmaking. As a director, I have helmed projects like \"In the Land of Blood and Honey\" and \"First They Killed My Father.\" It has been a rewarding experience to tell stories from behind the camera and bring important narratives to the forefront.\r\n\r\nMy work as a humanitarian has been a significant part of my life. I have been involved in various philanthropic endeavors, particularly focusing on issues such as refugees, human rights, and women's empowerment. I have served as a Goodwill Ambassador for the United Nations High Commissioner for Refugees (UNHCR) and co-founded the Preventing Sexual Violence Initiative.\r\n\r\nAs a mother to my six children, family is incredibly important to me. Balancing my career with motherhood has been a fulfilling and rewarding journey. I strive to instill values of compassion, understanding, and empathy in my children.\r\n\r\nReflecting on my life, I am grateful for the opportunities I have had and the platform that comes with being in the public eye. I hope to continue using my voice and influence to shed light on important issues, advocate for those in need, and inspire positive change in the world.\r\n\r\nThat's a glimpse into my life and career as Angelina Jolie, an actress, filmmaker, and humanitarian.", "picture": "profile_pictures/angelina_jolie.webp", "groups": [], "user_permissions": [], "following": []}}, {"model": "social_network.post", "pk": 1, "fields": {"owner": 1, "title": "A small notebook for a system administrator", "text": "I am a system administrator, and I need a small, lightweight notebook for every day carrying. Of course, not just to carry it, but for use it to work.\r\n\r\nI already have a ThinkPad x200, but it’s heavier than I would like. And among the lightweight notebooks, I did not find anything suitable. All of them imitate the MacBook Air: thin, shiny, glamorous, and they all critically lack ports. Such notebook is suitable for posting photos on Instagram, but not for work. At least not for mine.\r\n\r\nAfter not finding anything suitable, I thought about how a notebook would turn out if it were developed not with design, but the needs of real users in mind. System administrators, for example. Or people serving telecommunications equipment in hard-to-reach places — on roofs, masts, in the woods, literally in the middle of nowhere.\r\n\r\nThe results of my thoughts are presented in this article.\r\nOf course, your understanding of the admin notebook does not have to coincide with mine. But I hope you will find a couple of interesting thoughts here.\r\n\r\nJust keep in mind that «system administrator» is just the name of my position. And in fact, I have to work as a network engineer, and installer, and perform a significant part of other work related to hardware. Our company is tiny, we are far from large settlements, so all of us have to be universal specialist.\r\n\r\nIn order not to constantly clarify «this notebook», later in the article I will call it the “adminbook”. Although it can be useful not only to administrators, but also to all who need a small, lightweight notebook with a lot of connectors. In fact, even large laptops don’t have as many connectors.\r\n\r\nSo let's get started…", "created_at": "2023-06-26T15:31:30.213Z", "is_updated": false, "content": "post_content/small_notebook.jpeg"}}, {"model": "social_network.post", "pk": 2, "fields": {"owner": 1, "title": "IT administrators: what they do and what they make", "text": "With barely a single facet of modern life not relying on technology in some way (even if you wanted to hire someone to sweep your chimney, you’d probably find them on an app…) there’s a near-limitless professional scope for IT administrators across a huge number of verticals.\r\n\r\nIT administration roles come in many forms; as an IT administrator, you might be managing a company’s local and wide area networks, looking after intranet platforms, or supervising databases. A career as an IT administrator can lead to all kinds of high-paying roles, from Senior Systems Engineer and IT Manager right up to CTO. Depending on experience, a senior IT administrator salary can reach double the UK average.\r\nAnd with the slow and steady rise of automation, IT administrators are likely one of the few truly future proof job options out there; after all, someone has to keep the robots online. The US Bureau of Labor Statistics predicts that demand for IT administrators will swell by up to 8% by 2024, with the average IT administrator salary ranging from $47k to upwards of $120k, depending on experience and location.", "created_at": "2023-06-26T15:32:24.246Z", "is_updated": false, "content": "post_content/SYSTEM-ADMINISTRATOR.png"}}, {"model": "social_network.post", "pk": 3, "fields": {"owner": 3, "title": "“THE LIBRARY OF BABEL” BY JORGE LUIS BORGES", "text": "The world is a library that contains all the books that have ever been written, but most of them are indecipherable. Many people venture to the library to find the meaning of life. It reminded me of Terry Pratchett’s Discworld library.\r\n\r\n“Perhaps my old age and fearfulness deceive me, but I suspect that the human species — the unique species — is about to be extinguished, but the Library will endure: illuminated, solitary, infinite, perfectly motionless, equipped with precious volumes, useless, incorruptible, secret.”", "created_at": "2023-06-26T15:36:19.695Z", "is_updated": false, "content": "post_content/liberty_of_babel.jpg"}}, {"model": "social_network.post", "pk": 4, "fields": {"owner": 3, "title": "“A GOOD MAN IS HARD TO FIND” BY FLANNERY O’CONNOR", "text": "Another story with an ending that you won’t forget anytime soon. O’Connor was a master. If you’ve never read any of her work I would start here.", "created_at": "2023-06-26T15:36:47.801Z", "is_updated": false, "content": "post_content/a_good_man_is_hard_to_find.jpg"}}, {"model": "social_network.post", "pk": 5, "fields": {"owner": 4, "title": "“IN THE PENAL COLONY” BY FRANZ KAFKA", "text": "It’s a chilling story. A man known as the Traveller is visiting a foreign penal colony where he is shown a special machine used to execute prisoners. The machine inscribes the prisoner’s crime onto their body until they die. It takes 12 hours of torture before the prisoner dies. I told you it was chilling!", "created_at": "2023-06-26T15:37:18.787Z", "is_updated": false, "content": "post_content/in-the-penal-colony.jpg"}}, {"model": "social_network.post", "pk": 6, "fields": {"owner": 4, "title": "“THE DEVIL IN AMERICA” BY KAI ASHANTE WILSON (TOR)", "text": "Kai Ashante Wilson has quite a talent. This ties present day police brutality towards African Americans to post-emancipation America and a family of freed slaves that are living with the Devil that followed them from Africa.", "created_at": "2023-06-26T15:37:46.408Z", "is_updated": false, "content": "post_content/the_devil_in_america.jpg"}}, {"model": "social_network.post", "pk": 7, "fields": {"owner": 2, "title": "“EXHALATION” BY TED CHIANG (LIGHTSPEED MAGAZINE)", "text": "Oh, you’ve never read Ted Chiang? Well, you must go out now and read this story and then read Stories of Your Life and Others and his collection Exhalation: Stories. I was shocked by how good and complex his writing was. I had no idea that the movie The Arrival was based on one of his short stories.", "created_at": "2023-06-26T15:38:18.904Z", "is_updated": false, "content": "post_content/exhalition.jpg"}}, {"model": "social_network.post", "pk": 8, "fields": {"owner": 2, "title": "“THE DAUGHTERS OF THE MOON” BY ITALO CALVINO (THE NEW YORKER)", "text": "I don’t know. It’s either Zadie Smith’s “The Embassy of Cambodia” or this story that is my favorite on the list… I can’t decide. I think it’s this story. A story about the people of Earth deciding to throw away the Moon. It’s a story of consumerism. Luckily, I own The Complete Cosmicomics, so I can continue reading Calvino’s magnificent short story collection.", "created_at": "2023-06-26T15:39:19.198Z", "is_updated": false, "content": "post_content/daughteers_of_the_moon.jpg"}}, {"model": "social_network.like", "pk": 2, "fields": {"user": 3, "post": 1, "created_at": "2023-06-27T06:33:28.381Z"}}, {"model": "social_network.like", "pk": 3, "fields": {"user": 3, "post": 3, "created_at": "2023-06-27T06:33:41.082Z"}}, {"model": "social_network.like", "pk": 4, "fields": {"user": 2, "post": 3, "created_at": "2023-06-27T06:35:52.106Z"}}, {"model": "social_network.like", "pk": 5, "fields": {"user": 2, "post": 1, "created_at": "2023-06-27T06:36:48.889Z"}}, {"model": "social_network.like", "pk": 7, "fields": {"user": 2, "post": 5, "created_at": "2023-06-27T06:37:05.617Z"}}, {"model": "social_network.like", "pk": 9, "fields": {"user": 4, "post": 6, "created_at": "2023-06-27T06:58:43.257Z"}}, {"model": "social_network.like", "pk": 10, "fields": {"user": 4, "post": 8, "created_at": "2023-06-27T06:59:00.822Z"}}, {"model": "social_network.like", "pk": 11, "fields": {"user": 4, "post": 5, "created_at": "2023-06-27T06:59:10.536Z"}}, {"model": "social_network.like", "pk": 12, "fields": {"user": 4, "post": 3, "created_at": "2023-06-27T06:59:19.133Z"}}, {"model": "social_network.like", "pk": 13, "fields": {"user": 1, "post": 3, "created_at": "2023-06-27T06:59:33.254Z"}}, {"model": "social_network.like", "pk": 14, "fields": {"user": 3, "post": 7, "created_at": "2023-06-27T07:07:33.810Z"}}, {"model": "social_network.like", "pk": 15, "fields": {"user": 2, "post": 7, "created_at": "2023-06-27T07:08:42.989Z"}}, {"model": "social_network.like", "pk": 16, "fields": {"user": 2, "post": 4, "created_at": "2023-06-27T07:08:50.858Z"}}, {"model": "social_network.like", "pk": 17, "fields": {"user": 2, "post": 2, "created_at": "2023-06-27T07:09:00.189Z"}}, {"model": "social_network.like", "pk": 18, "fields": {"user": 2, "post": 8, "created_at": "2023-06-27T07:09:12.810Z"}}, {"model": "social_network.like", "pk": 19, "fields": {"user": 1, "post": 6, "created_at": "2023-06-27T07:10:06.237Z"}}, {"model": "social_network.like", "pk": 20, "fields": {"user": 1, "post": 8, "created_at": "2023-06-27T07:10:14.976Z"}}, {"model": "social_network.like", "pk": 21, "fields": {"user": 3, "post": 8, "created_at": "2023-06-27T07:12:29.786Z"}}, {"model": "social_network.comment", "pk": 2, "fields": {"user": 1, "post": 3, "text": "Oh looks like it's very nice story", "created_at": "2023-06-26T19:22:08.109Z", "is_updated": false}}, {"model": "social_network.comment", "pk": 3, "fields": {"user": 1, "post": 8, "text": "i don't like it, realy not interesting", "created_at": "2023-06-26T19:26:37.857Z", "is_updated": false}}, {"model": "social_network.comment", "pk": 4, "fields": {"user": 3, "post": 5, "text": "What a wonderfull story realy like it! Rough a bit", "created_at": "2023-06-26T19:32:01.712Z", "is_updated": false}}, {"model": "social_network.comment", "pk": 5, "fields": {"user": 3, "post": 8, "text": "for me it reads wery good", "created_at": "2023-06-26T19:33:08.846Z", "is_updated": false}}, {"model": "social_network.comment", "pk": 6, "fields": {"user": 2, "post": 8, "text": "I read it for my daughter before sleeping", "created_at": "2023-06-27T06:41:45.526Z", "is_updated": false}}, {"model": "social_network.comment", "pk": 7, "fields": {"user": 2, "post": 3, "text": "I was in this library several years ago that's realy big one", "created_at": "2023-06-27T06:42:43.102Z", "is_updated": false}}, {"model": "social_network.comment", "pk": 8, "fields": {"user": 2, "post": 4, "text": "I want to be this man )))", "created_at": "2023-06-27T06:43:31.258Z", "is_updated": false}}, {"model": "social_network.comment", "pk": 9, "fields": {"user": 2, "post": 1, "text": "I realy don't like small labtop, but it could be useful in some cases. I prefer bigger one", "created_at": "2023-06-27T06:49:34.772Z", "is_updated": false}}, {"model": "social_network.comment", "pk": 10, "fields": {"user": 2, "post": 2, "text": "usualy they look like a mans with big beards ))", "created_at": "2023-06-27T06:50:32.895Z", "is_updated": false}}, {"model": "social_network.comment", "pk": 11, "fields": {"user": 4, "post": 1, "text": "i use only small petrovich really knows!", "created_at": "2023-06-27T06:52:13.692Z", "is_updated": false}}, {"model": "social_network.comment", "pk": 12, "fields": {"user": 4, "post": 3, "text": "I visited this one, that's preety cool!", "created_at": "2023-06-27T06:52:47.416Z", "is_updated": false}}, {"model": "social_network.comment", "pk": 13, "fields": {"user": 4, "post": 4, "text": "I totaly agree, there no good men nowadays...", "created_at": "2023-06-27T06:55:58.747Z", "is_updated": false}}, {"model": "social_network.comment", "pk": 14, "fields": {"user": 4, "post": 5, "text": "Oh i like it too", "created_at": "2023-06-27T06:56:55.373Z", "is_updated": false}}, {"model": "social_network.comment", "pk": 15, "fields": {"user": 4, "post": 6, "text": "this is a story about justice and unjustice!", "created_at": "2023-06-27T06:58:30.890Z", "is_updated": false}}, {"model": "social_network.comment", "pk": 16, "fields": {"user": 1, "post": 1, "text": "this is completly necessary stuff for sysadmin! i travel a lot so it gives me an opportunity to be mobile", "created_at": "2023-06-27T07:01:45.606Z", "is_updated": false}}, {"model": "social_network.comment", "pk": 17, "fields": {"user": 1, "post": 4, "text": "i confident that Jack can be that man!", "created_at": "2023-06-27T07:03:26.592Z", "is_updated": false}}, {"model": "social_network.comment", "pk": 18, "fields": {"user": 3, "post": 4, "text": "ahahahahahhah guys, you so funny", "created_at": "2023-06-27T07:03:57.713Z", "is_updated": false}}, {"model": "social_network.comment", "pk": 19, "fields": {"user": 3, "post": 3, "text": "I dream to visit this place with my son!", "created_at": "2023-06-27T07:06:09.378Z", "is_updated": false}}, {"model": "social_network.comment", "pk": 20, "fields": {"user": 3, "post": 5, "text": "Thanks, for your comments, l appriciate it!", "created_at": "2023-06-27T07:06:48.990Z", "is_updated": false}}, {"model": "social_network.comment", "pk": 21, "fields": {"user": 3, "post": 7, "text": "i read some of them its wonderful! BREATHTAKING!", "created_at": "2023-06-27T07:08:18.657Z", "is_updated": false}}]